train_loss,validation_loss
5.35318581,5.35727594
1.76364595,2.10804674
0.66132050,1.25435079
0.22071443,0.93259178
0.08159629,0.82310119
0.03754376,0.76889819
0.02090792,0.75555399
0.01549968,0.74651485
