train_loss,validation_loss
2.35370601,2.35588109
0.02150006,0.03272164
0.00854498,0.01914746
0.00722555,0.01807829
