train_loss,validation_loss
2.49917031,2.49366752
0.26745706,0.40477537
0.13338573,0.33215494
0.07784669,0.32213396
0.04741116,0.33472596
