train_loss,validation_loss
3.77969956,3.75514143
0.23159339,1.10572948
0.03323827,0.95255186
0.01417657,0.93775657
0.00675993,0.92515795
