train_loss,validation_loss
2.34187328,2.34020300
0.02226884,0.06078552
0.01006371,0.04487086
0.00797504,0.04066300
