train_loss,validation_loss
2.31372636,2.31400095
0.16022336,0.20822718
0.08352580,0.16435126
0.05211006,0.16693780
