train_loss,validation_loss
5.36760600,5.35710480
1.85723587,2.18791868
0.71100915,1.30949239
0.23938311,0.94981483
0.09603486,0.86256659
0.04180544,0.80321545
0.02366403,0.78459201
0.01603081,0.78000692
