train_loss,validation_loss
2.35354779,2.35001889
0.19138494,0.24461776
0.09001445,0.17239167
0.05375900,0.16671473
0.02691343,0.18332444
