train_loss,validation_loss
5.31826280,5.31971333
3.57756544,3.74490803
3.57490978,3.75439538
3.44390230,3.64266936
3.25160782,3.47783092
2.86170277,3.14414429
2.04157912,2.43115489
1.02986002,1.55065889
0.48206697,1.16921496
0.23387039,0.97976158
0.13694618,0.94739180
0.07967027,0.93369236
0.04439669,0.91070718
0.02816426,0.89530911
0.01971720,0.90805780
0.01386928,0.91242781
0.01005941,0.90153617
0.00761691,0.89251604
0.00676872,0.90021585
