train_loss,validation_loss
2.53058501,2.53021191
0.18468418,0.24043996
0.12086353,0.19559115
0.09950492,0.19386663
