train_loss,validation_loss
2.33299185,2.33898966
0.27347183,0.42085934
0.04143476,0.21515212
0.01280005,0.21208952
0.00574421,0.22380904
