train_loss,validation_loss
3.64723414,3.64330115
0.14783863,0.87480231
0.01307465,0.63382451
0.00187083,0.61081075
0.00108987,0.62232480
