train_loss,validation_loss
2.35369161,2.35466781
0.25956235,0.40232846
0.04623717,0.22854742
0.01566374,0.22660261
0.00611425,0.23987300
