train_loss,validation_loss
3.63713524,3.64270059
0.13409359,0.89071078
0.00939733,0.66719595
0.00664474,0.66041968
0.00344773,0.65403146
