train_loss,validation_loss
2.54869189,2.56337265
0.05302150,0.09499196
0.04415136,0.08682478
0.04098278,0.08381171
