train_loss,validation_loss
5.50571307,5.52284033
2.86210974,3.22561187
1.71224811,2.34846300
0.90895946,1.79331559
0.46272460,1.54784295
0.25075307,1.44478126
0.13211956,1.35242601
0.08164861,1.30869073
0.05401627,1.27921903
0.04140554,1.26733668
0.03029480,1.23939060
